RequestCode,DateRequested,Name,ScheduleDate,Appointment,Status
24207867,"2024-02-16 05:12:58","Kenny Suarez","1995-02-05 00:00:00",Marriage,Processing
34907664,"2024-02-16 06:46:32","Jona Smiths","2024-05-05 00:00:00",Baptismal,Cancelled
98608433,"2024-02-16 07:50:14","Ronnie Torres","1999-02-20 00:00:00",Baptismal,Processing
112911729,"2024-02-16 06:46:32","Sandy Marquez","2024-02-24 00:00:00","Funeral Service",Done
158810585,"2024-02-16 06:46:32","James Bautista","2024-03-02 00:00:00",Confession,Processing
262180674,"2024-02-16 06:46:32","Roy Sabas and Keith Galang","2024-03-02 00:00:00",Marriage,Done
355601772,"2024-02-16 06:46:32","Karen Bautista","2024-03-02 00:00:00",Confession,Processing
364828103,"2024-02-16 06:46:32","Keith Luna Sanchez","2024-11-05 00:00:00","House Blessing",Approved
716049334,"2024-02-16 07:42:37","Ryan Suave and Ria Galang","2025-06-30 00:00:00",Marriage,Done
769323883,"2024-02-16 08:01:20","Ashley Sarmiento","2024-03-21 00:00:00",Confession,Processing
862843955,"2024-02-16 06:46:32","Roy Sabas","2024-03-02 00:00:00",Marriage,Processing
900970894,"2024-02-16 06:46:32","Warren Bautista","2024-03-02 00:00:00",Confession,Processing
